Month End,Year,Month,Best_Est
1871-01-31,1871,1,5.32
1871-02-28,1871,2,5.323333333
1871-03-31,1871,3,5.326666667
1871-04-30,1871,4,5.33
1871-05-31,1871,5,5.333333333
1871-06-30,1871,6,5.336666667
1871-07-31,1871,7,5.34
1871-08-31,1871,8,5.343333333
1871-09-30,1871,9,5.346666667
1871-10-31,1871,10,5.35
1871-11-30,1871,11,5.353333333
1871-12-31,1871,12,5.356666667
1872-01-31,1872,1,5.36
1872-02-29,1872,2,5.378333333
1872-03-31,1872,3,5.396666667
1872-04-30,1872,4,5.415
1872-05-31,1872,5,5.433333333
1872-06-30,1872,6,5.451666667
1872-07-31,1872,7,5.47
1872-08-31,1872,8,5.488333333
1872-09-30,1872,9,5.506666667
1872-10-31,1872,10,5.525
1872-11-30,1872,11,5.543333333
1872-12-31,1872,12,5.561666667
1873-01-31,1873,1,5.58
1873-02-28,1873,2,5.570833333
1873-03-31,1873,3,5.561666667
1873-04-30,1873,4,5.5525
1873-05-31,1873,5,5.543333333
1873-06-30,1873,6,5.534166667
1873-07-31,1873,7,5.525
1873-08-31,1873,8,5.515833333
1873-09-30,1873,9,5.506666667
1873-10-31,1873,10,5.4975
1873-11-30,1873,11,5.488333333
1873-12-31,1873,12,5.479166667
1874-01-31,1874,1,5.47
1874-02-28,1874,2,5.436666667
1874-03-31,1874,3,5.403333333
1874-04-30,1874,4,5.37
1874-05-31,1874,5,5.336666667
1874-06-30,1874,6,5.303333333
1874-07-31,1874,7,5.27
1874-08-31,1874,8,5.236666667
1874-09-30,1874,9,5.203333333
1874-10-31,1874,10,5.17
1874-11-30,1874,11,5.136666667
1874-12-31,1874,12,5.103333333
1875-01-31,1875,1,5.07
1875-02-28,1875,2,5.03
1875-03-31,1875,3,4.99
1875-04-30,1875,4,4.95
1875-05-31,1875,5,4.91
1875-06-30,1875,6,4.87
1875-07-31,1875,7,4.83
1875-08-31,1875,8,4.79
1875-09-30,1875,9,4.75
1875-10-31,1875,10,4.71
1875-11-30,1875,11,4.67
1875-12-31,1875,12,4.63
1876-01-31,1876,1,4.59
1876-02-29,1876,2,4.578333333
1876-03-31,1876,3,4.566666667
1876-04-30,1876,4,4.555
1876-05-31,1876,5,4.543333333
1876-06-30,1876,6,4.531666667
1876-07-31,1876,7,4.52
1876-08-31,1876,8,4.508333333
1876-09-30,1876,9,4.496666667
1876-10-31,1876,10,4.485
1876-11-30,1876,11,4.473333333
1876-12-31,1876,12,4.461666667
1877-01-31,1877,1,4.45
1877-02-28,1877,2,4.440833333
1877-03-31,1877,3,4.431666667
1877-04-30,1877,4,4.4225
1877-05-31,1877,5,4.413333333
1877-06-30,1877,6,4.404166667
1877-07-31,1877,7,4.395
1877-08-31,1877,8,4.385833333
1877-09-30,1877,9,4.376666667
1877-10-31,1877,10,4.3675
1877-11-30,1877,11,4.358333333
1877-12-31,1877,12,4.349166667
1878-01-31,1878,1,4.34
1878-02-28,1878,2,4.33
1878-03-31,1878,3,4.32
1878-04-30,1878,4,4.31
1878-05-31,1878,5,4.3
1878-06-30,1878,6,4.29
1878-07-31,1878,7,4.28
1878-08-31,1878,8,4.27
1878-09-30,1878,9,4.26
1878-10-31,1878,10,4.25
1878-11-30,1878,11,4.24
1878-12-31,1878,12,4.23
1879-01-31,1879,1,4.22
1879-02-28,1879,2,4.203333333
1879-03-31,1879,3,4.186666667
1879-04-30,1879,4,4.17
1879-05-31,1879,5,4.153333333
1879-06-30,1879,6,4.136666667
1879-07-31,1879,7,4.12
1879-08-31,1879,8,4.103333333
1879-09-30,1879,9,4.086666667
1879-10-31,1879,10,4.07
1879-11-30,1879,11,4.053333333
1879-12-31,1879,12,4.036666667
1880-01-31,1880,1,4.02
1880-02-29,1880,2,3.993333333
1880-03-31,1880,3,3.966666667
1880-04-30,1880,4,3.94
1880-05-31,1880,5,3.913333333
1880-06-30,1880,6,3.886666667
1880-07-31,1880,7,3.86
1880-08-31,1880,8,3.833333333
1880-09-30,1880,9,3.806666667
1880-10-31,1880,10,3.78
1880-11-30,1880,11,3.753333333
1880-12-31,1880,12,3.726666667
1881-01-31,1881,1,3.7
1881-02-28,1881,2,3.693333333
1881-03-31,1881,3,3.686666667
1881-04-30,1881,4,3.68
1881-05-31,1881,5,3.673333333
1881-06-30,1881,6,3.666666667
1881-07-31,1881,7,3.66
1881-08-31,1881,8,3.653333333
1881-09-30,1881,9,3.646666667
1881-10-31,1881,10,3.64
1881-11-30,1881,11,3.633333333
1881-12-31,1881,12,3.626666667
1882-01-31,1882,1,3.62
1882-02-28,1882,2,3.620833333
1882-03-31,1882,3,3.621666667
1882-04-30,1882,4,3.6225
1882-05-31,1882,5,3.623333333
1882-06-30,1882,6,3.624166667
1882-07-31,1882,7,3.625
1882-08-31,1882,8,3.625833333
1882-09-30,1882,9,3.626666667
1882-10-31,1882,10,3.6275
1882-11-30,1882,11,3.628333333
1882-12-31,1882,12,3.629166667
1883-01-31,1883,1,3.63
1883-02-28,1883,2,3.629166667
1883-03-31,1883,3,3.628333333
1883-04-30,1883,4,3.6275
1883-05-31,1883,5,3.626666667
1883-06-30,1883,6,3.625833333
1883-07-31,1883,7,3.625
1883-08-31,1883,8,3.624166667
1883-09-30,1883,9,3.623333333
1883-10-31,1883,10,3.6225
1883-11-30,1883,11,3.621666667
1883-12-31,1883,12,3.620833333
1884-01-31,1884,1,3.62
1884-02-29,1884,2,3.611666667
1884-03-31,1884,3,3.603333333
1884-04-30,1884,4,3.595
1884-05-31,1884,5,3.586666667
1884-06-30,1884,6,3.578333333
1884-07-31,1884,7,3.57
1884-08-31,1884,8,3.561666667
1884-09-30,1884,9,3.553333333
1884-10-31,1884,10,3.545
1884-11-30,1884,11,3.536666667
1884-12-31,1884,12,3.528333333
1885-01-31,1885,1,3.52
1885-02-28,1885,2,3.5075
1885-03-31,1885,3,3.495
1885-04-30,1885,4,3.4825
1885-05-31,1885,5,3.47
1885-06-30,1885,6,3.4575
1885-07-31,1885,7,3.445
1885-08-31,1885,8,3.4325
1885-09-30,1885,9,3.42
1885-10-31,1885,10,3.4075
1885-11-30,1885,11,3.395
1885-12-31,1885,12,3.3825
1886-01-31,1886,1,3.37
1886-02-28,1886,2,3.3825
1886-03-31,1886,3,3.395
1886-04-30,1886,4,3.4075
1886-05-31,1886,5,3.42
1886-06-30,1886,6,3.4325
1886-07-31,1886,7,3.445
1886-08-31,1886,8,3.4575
1886-09-30,1886,9,3.47
1886-10-31,1886,10,3.4825
1886-11-30,1886,11,3.495
1886-12-31,1886,12,3.5075
1887-01-31,1887,1,3.52
1887-02-28,1887,2,3.5325
1887-03-31,1887,3,3.545
1887-04-30,1887,4,3.5575
1887-05-31,1887,5,3.57
1887-06-30,1887,6,3.5825
1887-07-31,1887,7,3.595
1887-08-31,1887,8,3.6075
1887-09-30,1887,9,3.62
1887-10-31,1887,10,3.6325
1887-11-30,1887,11,3.645
1887-12-31,1887,12,3.6575
1888-01-31,1888,1,3.67
1888-02-29,1888,2,3.651666667
1888-03-31,1888,3,3.633333333
1888-04-30,1888,4,3.615
1888-05-31,1888,5,3.596666667
1888-06-30,1888,6,3.578333333
1888-07-31,1888,7,3.56
1888-08-31,1888,8,3.541666667
1888-09-30,1888,9,3.523333333
1888-10-31,1888,10,3.505
1888-11-30,1888,11,3.486666667
1888-12-31,1888,12,3.468333333
1889-01-31,1889,1,3.45
1889-02-28,1889,2,3.4475
1889-03-31,1889,3,3.445
1889-04-30,1889,4,3.4425
1889-05-31,1889,5,3.44
1889-06-30,1889,6,3.4375
1889-07-31,1889,7,3.435
1889-08-31,1889,8,3.4325
1889-09-30,1889,9,3.43
1889-10-31,1889,10,3.4275
1889-11-30,1889,11,3.425
1889-12-31,1889,12,3.4225
1890-01-31,1890,1,3.42
1890-02-28,1890,2,3.436666667
1890-03-31,1890,3,3.453333333
1890-04-30,1890,4,3.47
1890-05-31,1890,5,3.486666667
1890-06-30,1890,6,3.503333333
1890-07-31,1890,7,3.52
1890-08-31,1890,8,3.536666667
1890-09-30,1890,9,3.553333333
1890-10-31,1890,10,3.57
1890-11-30,1890,11,3.586666667
1890-12-31,1890,12,3.603333333
1891-01-31,1891,1,3.62
1891-02-28,1891,2,3.618333333
1891-03-31,1891,3,3.616666667
1891-04-30,1891,4,3.615
1891-05-31,1891,5,3.613333333
1891-06-30,1891,6,3.611666667
1891-07-31,1891,7,3.61
1891-08-31,1891,8,3.608333333
1891-09-30,1891,9,3.606666667
1891-10-31,1891,10,3.605
1891-11-30,1891,11,3.603333333
1891-12-31,1891,12,3.601666667
1892-01-31,1892,1,3.6
1892-02-29,1892,2,3.6125
1892-03-31,1892,3,3.625
1892-04-30,1892,4,3.6375
1892-05-31,1892,5,3.65
1892-06-30,1892,6,3.6625
1892-07-31,1892,7,3.675
1892-08-31,1892,8,3.6875
1892-09-30,1892,9,3.7
1892-10-31,1892,10,3.7125
1892-11-30,1892,11,3.725
1892-12-31,1892,12,3.7375
1893-01-31,1893,1,3.75
1893-02-28,1893,2,3.745833333
1893-03-31,1893,3,3.741666667
1893-04-30,1893,4,3.7375
1893-05-31,1893,5,3.733333333
1893-06-30,1893,6,3.729166667
1893-07-31,1893,7,3.725
1893-08-31,1893,8,3.720833333
1893-09-30,1893,9,3.716666667
1893-10-31,1893,10,3.7125
1893-11-30,1893,11,3.708333333
1893-12-31,1893,12,3.704166667
1894-01-31,1894,1,3.7
1894-02-28,1894,2,3.68
1894-03-31,1894,3,3.66
1894-04-30,1894,4,3.64
1894-05-31,1894,5,3.62
1894-06-30,1894,6,3.6
1894-07-31,1894,7,3.58
1894-08-31,1894,8,3.56
1894-09-30,1894,9,3.54
1894-10-31,1894,10,3.52
1894-11-30,1894,11,3.5
1894-12-31,1894,12,3.48
1895-01-31,1895,1,3.46
1895-02-28,1895,2,3.471666667
1895-03-31,1895,3,3.483333333
1895-04-30,1895,4,3.495
1895-05-31,1895,5,3.506666667
1895-06-30,1895,6,3.518333333
1895-07-31,1895,7,3.53
1895-08-31,1895,8,3.541666667
1895-09-30,1895,9,3.553333333
1895-10-31,1895,10,3.565
1895-11-30,1895,11,3.576666667
1895-12-31,1895,12,3.588333333
1896-01-31,1896,1,3.6
1896-02-29,1896,2,3.583333333
1896-03-31,1896,3,3.566666667
1896-04-30,1896,4,3.55
1896-05-31,1896,5,3.533333333
1896-06-30,1896,6,3.516666667
1896-07-31,1896,7,3.5
1896-08-31,1896,8,3.483333333
1896-09-30,1896,9,3.466666667
1896-10-31,1896,10,3.45
1896-11-30,1896,11,3.433333333
1896-12-31,1896,12,3.416666667
1897-01-31,1897,1,3.4
1897-02-28,1897,2,3.395833333
1897-03-31,1897,3,3.391666667
1897-04-30,1897,4,3.3875
1897-05-31,1897,5,3.383333333
1897-06-30,1897,6,3.379166667
1897-07-31,1897,7,3.375
1897-08-31,1897,8,3.370833333
1897-09-30,1897,9,3.366666667
1897-10-31,1897,10,3.3625
1897-11-30,1897,11,3.358333333
1897-12-31,1897,12,3.354166667
1898-01-31,1898,1,3.35
1898-02-28,1898,2,3.329166667
1898-03-31,1898,3,3.308333333
1898-04-30,1898,4,3.2875
1898-05-31,1898,5,3.266666667
1898-06-30,1898,6,3.245833333
1898-07-31,1898,7,3.225
1898-08-31,1898,8,3.204166667
1898-09-30,1898,9,3.183333333
1898-10-31,1898,10,3.1625
1898-11-30,1898,11,3.141666667
1898-12-31,1898,12,3.120833333
1899-01-31,1899,1,3.1
1899-02-28,1899,2,3.104166667
1899-03-31,1899,3,3.108333333
1899-04-30,1899,4,3.1125
1899-05-31,1899,5,3.116666667
1899-06-30,1899,6,3.120833333
1899-07-31,1899,7,3.125
1899-08-31,1899,8,3.129166667
1899-09-30,1899,9,3.133333333
1899-10-31,1899,10,3.1375
1899-11-30,1899,11,3.141666667
1899-12-31,1899,12,3.145833333
1900-01-31,1900,1,3.5
1900-02-28,1900,2,3.5
1900-03-31,1900,3,3.5
1900-04-30,1900,4,3.5
1900-05-31,1900,5,3.5
1900-06-30,1900,6,3.5
1900-07-31,1900,7,3.5
1900-08-31,1900,8,3.5
1900-09-30,1900,9,3.5
1900-10-31,1900,10,3.5
1900-11-30,1900,11,3.5
1900-12-31,1900,12,3.5
1901-01-31,1901,1,3.5
1901-02-28,1901,2,3.5
1901-03-31,1901,3,3.5
1901-04-30,1901,4,3.5
1901-05-31,1901,5,3.5
1901-06-30,1901,6,3.5
1901-07-31,1901,7,3.5
1901-08-31,1901,8,3.5
1901-09-30,1901,9,3.5
1901-10-31,1901,10,3.5
1901-11-30,1901,11,3.5
1901-12-31,1901,12,3.5
1902-01-31,1902,1,3.5
1902-02-28,1902,2,3.5
1902-03-31,1902,3,3.5
1902-04-30,1902,4,3.5
1902-05-31,1902,5,3.5
1902-06-30,1902,6,3.5
1902-07-31,1902,7,3.5
1902-08-31,1902,8,3.5
1902-09-30,1902,9,3.5
1902-10-31,1902,10,3.5
1902-11-30,1902,11,3.5
1902-12-31,1902,12,3.5
1903-01-31,1903,1,3.75
1903-02-28,1903,2,3.75
1903-03-31,1903,3,3.75
1903-04-30,1903,4,3.75
1903-05-31,1903,5,3.75
1903-06-30,1903,6,3.75
1903-07-31,1903,7,3.75
1903-08-31,1903,8,3.75
1903-09-30,1903,9,3.75
1903-10-31,1903,10,3.75
1903-11-30,1903,11,3.75
1903-12-31,1903,12,3.75
1904-01-31,1904,1,3.6
1904-02-29,1904,2,3.6
1904-03-31,1904,3,3.6
1904-04-30,1904,4,3.6
1904-05-31,1904,5,3.6
1904-06-30,1904,6,3.6
1904-07-31,1904,7,3.6
1904-08-31,1904,8,3.6
1904-09-30,1904,9,3.6
1904-10-31,1904,10,3.6
1904-11-30,1904,11,3.6
1904-12-31,1904,12,3.6
1905-01-31,1905,1,3.75
1905-02-28,1905,2,3.75
1905-03-31,1905,3,3.75
1905-04-30,1905,4,3.75
1905-05-31,1905,5,3.75
1905-06-30,1905,6,3.75
1905-07-31,1905,7,3.75
1905-08-31,1905,8,3.75
1905-09-30,1905,9,3.75
1905-10-31,1905,10,3.75
1905-11-30,1905,11,3.75
1905-12-31,1905,12,3.75
1906-01-31,1906,1,4
1906-02-28,1906,2,4
1906-03-31,1906,3,4
1906-04-30,1906,4,4
1906-05-31,1906,5,4
1906-06-30,1906,6,4
1906-07-31,1906,7,4
1906-08-31,1906,8,4
1906-09-30,1906,9,4
1906-10-31,1906,10,4
1906-11-30,1906,11,4
1906-12-31,1906,12,4
1907-01-31,1907,1,4.25
1907-02-28,1907,2,4.25
1907-03-31,1907,3,4.25
1907-04-30,1907,4,4.25
1907-05-31,1907,5,4.25
1907-06-30,1907,6,4.25
1907-07-31,1907,7,4.25
1907-08-31,1907,8,4.25
1907-09-30,1907,9,4.25
1907-10-31,1907,10,4.25
1907-11-30,1907,11,4.25
1907-12-31,1907,12,4.25
1908-01-31,1908,1,4.5
1908-02-29,1908,2,4.5
1908-03-31,1908,3,4.5
1908-04-30,1908,4,4.5
1908-05-31,1908,5,4.5
1908-06-30,1908,6,4.5
1908-07-31,1908,7,4.5
1908-08-31,1908,8,4.5
1908-09-30,1908,9,4.5
1908-10-31,1908,10,4.5
1908-11-30,1908,11,4.5
1908-12-31,1908,12,4.5
1909-01-31,1909,1,4
1909-02-28,1909,2,4
1909-03-31,1909,3,4
1909-04-30,1909,4,4
1909-05-31,1909,5,4
1909-06-30,1909,6,4
1909-07-31,1909,7,4
1909-08-31,1909,8,4
1909-09-30,1909,9,4
1909-10-31,1909,10,4
1909-11-30,1909,11,4
1909-12-31,1909,12,4
1910-01-31,1910,1,4
1910-02-28,1910,2,4
1910-03-31,1910,3,4
1910-04-30,1910,4,4
1910-05-31,1910,5,4
1910-06-30,1910,6,4
1910-07-31,1910,7,4
1910-08-31,1910,8,4
1910-09-30,1910,9,4
1910-10-31,1910,10,4
1910-11-30,1910,11,4
1910-12-31,1910,12,4
1911-01-31,1911,1,4.25
1911-02-28,1911,2,4.25
1911-03-31,1911,3,4.25
1911-04-30,1911,4,4.25
1911-05-31,1911,5,4.25
1911-06-30,1911,6,4.25
1911-07-31,1911,7,4.25
1911-08-31,1911,8,4.25
1911-09-30,1911,9,4.25
1911-10-31,1911,10,4.25
1911-11-30,1911,11,4.25
1911-12-31,1911,12,4.25
1912-01-31,1912,1,4.5
1912-02-29,1912,2,4.5
1912-03-31,1912,3,4.5
1912-04-30,1912,4,4.5
1912-05-31,1912,5,4.5
1912-06-30,1912,6,4.5
1912-07-31,1912,7,4.5
1912-08-31,1912,8,4.5
1912-09-30,1912,9,4.5
1912-10-31,1912,10,4.5
1912-11-30,1912,11,4.5
1912-12-31,1912,12,4.5
1913-01-31,1913,1,3.75
1913-02-28,1913,2,3.75
1913-03-31,1913,3,3.75
1913-04-30,1913,4,3.75
1913-05-31,1913,5,3.75
1913-06-30,1913,6,3.75
1913-07-31,1913,7,3.75
1913-08-31,1913,8,3.75
1913-09-30,1913,9,3.75
1913-10-31,1913,10,3.75
1913-11-30,1913,11,3.75
1913-12-31,1913,12,3.75
1914-01-31,1914,1,3.5
1914-02-28,1914,2,3.5
1914-03-31,1914,3,3.5
1914-04-30,1914,4,3.5
1914-05-31,1914,5,3.5
1914-06-30,1914,6,3.5
1914-07-31,1914,7,3.5
1914-08-31,1914,8,3.5
1914-09-30,1914,9,3.5
1914-10-31,1914,10,3.5
1914-11-30,1914,11,3.5
1914-12-31,1914,12,3.5
1915-01-31,1915,1,4
1915-02-28,1915,2,4
1915-03-31,1915,3,4
1915-04-30,1915,4,4
1915-05-31,1915,5,4
1915-06-30,1915,6,4
1915-07-31,1915,7,4
1915-08-31,1915,8,4
1915-09-30,1915,9,4
1915-10-31,1915,10,4
1915-11-30,1915,11,4
1915-12-31,1915,12,4
1916-01-31,1916,1,4.5
1916-02-29,1916,2,4.5
1916-03-31,1916,3,4.5
1916-04-30,1916,4,4.5
1916-05-31,1916,5,4.5
1916-06-30,1916,6,4.5
1916-07-31,1916,7,4.5
1916-08-31,1916,8,4.5
1916-09-30,1916,9,4.5
1916-10-31,1916,10,4.5
1916-11-30,1916,11,4.5
1916-12-31,1916,12,4.5
1917-01-31,1917,1,5
1917-02-28,1917,2,5
1917-03-31,1917,3,5
1917-04-30,1917,4,5
1917-05-31,1917,5,5
1917-06-30,1917,6,5
1917-07-31,1917,7,5
1917-08-31,1917,8,5
1917-09-30,1917,9,5
1917-10-31,1917,10,5
1917-11-30,1917,11,5
1917-12-31,1917,12,5
1918-01-31,1918,1,5.25
1918-02-28,1918,2,5.25
1918-03-31,1918,3,5.25
1918-04-30,1918,4,5.25
1918-05-31,1918,5,5.25
1918-06-30,1918,6,5.25
1918-07-31,1918,7,5.25
1918-08-31,1918,8,5.25
1918-09-30,1918,9,5.25
1918-10-31,1918,10,5.25
1918-11-30,1918,11,5.25
1918-12-31,1918,12,5.25
1919-01-31,1919,1,4.63
1919-02-28,1919,2,4.7
1919-03-31,1919,3,4.73
1919-04-30,1919,4,4.72
1919-05-31,1919,5,4.67
1919-06-30,1919,6,4.69
1919-07-31,1919,7,4.72
1919-08-31,1919,8,4.78
1919-09-30,1919,9,4.73
1919-10-31,1919,10,4.71
1919-11-30,1919,11,4.81
1919-12-31,1919,12,4.9
1920-01-31,1920,1,4.93
1920-02-29,1920,2,5.05
1920-03-31,1920,3,5.09
1920-04-30,1920,4,5.28
1920-05-31,1920,5,5.58
1920-06-30,1920,6,5.54
1920-07-31,1920,7,5.57
1920-08-31,1920,8,5.67
1920-09-30,1920,9,5.43
1920-10-31,1920,10,5.08
1920-11-30,1920,11,5.21
1920-12-31,1920,12,5.4
1921-01-31,1921,1,5.23
1921-02-28,1921,2,5.28
1921-03-31,1921,3,5.27
1921-04-30,1921,4,5.24
1921-05-31,1921,5,5.25
1921-06-30,1921,6,5.27
1921-07-31,1921,7,5.26
1921-08-31,1921,8,5.22
1921-09-30,1921,9,5.12
1921-10-31,1921,10,4.83
1921-11-30,1921,11,4.64
1921-12-31,1921,12,4.47
1922-01-31,1922,1,4.45
1922-02-28,1922,2,4.5
1922-03-31,1922,3,4.41
1922-04-30,1922,4,4.28
1922-05-31,1922,5,4.26
1922-06-30,1922,6,4.24
1922-07-31,1922,7,4.14
1922-08-31,1922,8,4.12
1922-09-30,1922,9,4.19
1922-10-31,1922,10,4.3
1922-11-30,1922,11,4.33
1922-12-31,1922,12,4.32
1923-01-31,1923,1,4.32
1923-02-28,1923,2,4.33
1923-03-31,1923,3,4.38
1923-04-30,1923,4,4.39
1923-05-31,1923,5,4.37
1923-06-30,1923,6,4.34
1923-07-31,1923,7,4.34
1923-08-31,1923,8,4.35
1923-09-30,1923,9,4.36
1923-10-31,1923,10,4.4
1923-11-30,1923,11,4.37
1923-12-31,1923,12,4.35
1924-01-31,1924,1,4.3
1924-02-29,1924,2,4.28
1924-03-31,1924,3,4.28
1924-04-30,1924,4,4.23
1924-05-31,1924,5,4.15
1924-06-30,1924,6,3.98
1924-07-31,1924,7,3.94
1924-08-31,1924,8,3.91
1924-09-30,1924,9,3.92
1924-10-31,1924,10,3.87
1924-11-30,1924,11,3.9
1924-12-31,1924,12,3.96
1925-01-31,1925,1,3.96
1925-02-28,1925,2,3.95
1925-03-31,1925,3,3.96
1925-04-30,1925,4,3.93
1925-05-31,1925,5,3.87
1925-06-30,1925,6,3.79
1925-07-31,1925,7,3.79
1925-08-31,1925,8,3.85
1925-09-30,1925,9,3.85
1925-10-31,1925,10,3.82
1925-11-30,1925,11,3.79
1925-12-31,1925,12,3.8
1926-01-31,1926,1,3.77
1926-02-28,1926,2,3.71
1926-03-31,1926,3,3.71
1926-04-30,1926,4,3.7
1926-05-31,1926,5,3.67
1926-06-30,1926,6,3.67
1926-07-31,1926,7,3.68
1926-08-31,1926,8,3.7
1926-09-30,1926,9,3.7
1926-10-31,1926,10,3.68
1926-11-30,1926,11,3.62
1926-12-31,1926,12,3.56
1927-01-31,1927,1,3.51
1927-02-28,1927,2,3.48
1927-03-31,1927,3,3.37
1927-04-30,1927,4,3.35
1927-05-31,1927,5,3.31
1927-06-30,1927,6,3.34
1927-07-31,1927,7,3.36
1927-08-31,1927,8,3.32
1927-09-30,1927,9,3.3
1927-10-31,1927,10,3.29
1927-11-30,1927,11,3.23
1927-12-31,1927,12,3.17
1928-01-31,1928,1,3.18
1928-02-29,1928,2,3.19
1928-03-31,1928,3,3.17
1928-04-30,1928,4,3.2
1928-05-31,1928,5,3.24
1928-06-30,1928,6,3.29
1928-07-31,1928,7,3.42
1928-08-31,1928,8,3.48
1928-09-30,1928,9,3.46
1928-10-31,1928,10,3.47
1928-11-30,1928,11,3.38
1928-12-31,1928,12,3.45
1929-01-31,1929,1,3.52
1929-02-28,1929,2,3.62
1929-03-31,1929,3,3.74
1929-04-30,1929,4,3.64
1929-05-31,1929,5,3.64
1929-06-30,1929,6,3.69
1929-07-31,1929,7,3.64
1929-08-31,1929,8,3.71
1929-09-30,1929,9,3.7
1929-10-31,1929,10,3.61
1929-11-30,1929,11,3.35
1929-12-31,1929,12,3.36
1930-01-31,1930,1,3.43
1930-02-28,1930,2,3.41
1930-03-31,1930,3,3.29
1930-04-30,1930,4,3.37
1930-05-31,1930,5,3.31
1930-06-30,1930,6,3.25
1930-07-31,1930,7,3.25
1930-08-31,1930,8,3.26
1930-09-30,1930,9,3.24
1930-10-31,1930,10,3.21
1930-11-30,1930,11,3.19
1930-12-31,1930,12,3.22
1931-01-31,1931,1,3.2
1931-02-28,1931,2,3.3
1931-03-31,1931,3,3.27
1931-04-30,1931,4,3.26
1931-05-31,1931,5,3.16
1931-06-30,1931,6,3.13
1931-07-31,1931,7,3.15
1931-08-31,1931,8,3.18
1931-09-30,1931,9,3.25
1931-10-31,1931,10,3.63
1931-11-30,1931,11,3.63
1931-12-31,1931,12,3.93
1932-01-31,1932,1,4.26
1932-02-29,1932,2,4.11
1932-03-31,1932,3,3.92
1932-04-30,1932,4,3.68
1932-05-31,1932,5,3.76
1932-06-30,1932,6,3.76
1932-07-31,1932,7,3.58
1932-08-31,1932,8,3.45
1932-09-30,1932,9,3.42
1932-10-31,1932,10,3.43
1932-11-30,1932,11,3.45
1932-12-31,1932,12,3.35
1933-01-31,1933,1,3.22
1933-02-28,1933,2,3.31
1933-03-31,1933,3,3.42
1933-04-30,1933,4,3.42
1933-05-31,1933,5,3.3
1933-06-30,1933,6,3.21
1933-07-31,1933,7,3.2
1933-08-31,1933,8,3.21
1933-09-30,1933,9,3.19
1933-10-31,1933,10,3.22
1933-11-30,1933,11,3.46
1933-12-31,1933,12,3.53
1934-01-31,1934,1,3.5
1934-02-28,1934,2,3.32
1934-03-31,1934,3,3.2
1934-04-30,1934,4,3.11
1934-05-31,1934,5,3.02
1934-06-30,1934,6,2.98
1934-07-31,1934,7,2.92
1934-08-31,1934,8,3.03
1934-09-30,1934,9,3.2
1934-10-31,1934,10,3.1
1934-11-30,1934,11,3.07
1934-12-31,1934,12,3.01
1935-01-31,1935,1,2.88
1935-02-28,1935,2,2.79
1935-03-31,1935,3,2.77
1935-04-30,1935,4,2.74
1935-05-31,1935,5,2.72
1935-06-30,1935,6,2.72
1935-07-31,1935,7,2.69
1935-08-31,1935,8,2.76
1935-09-30,1935,9,2.85
1935-10-31,1935,10,2.85
1935-11-30,1935,11,2.83
1935-12-31,1935,12,2.83
1936-01-31,1936,1,2.8
1936-02-29,1936,2,2.77
1936-03-31,1936,3,2.71
1936-04-30,1936,4,2.68
1936-05-31,1936,5,2.66
1936-06-30,1936,6,2.66
1936-07-31,1936,7,2.65
1936-08-31,1936,8,2.61
1936-09-30,1936,9,2.6
1936-10-31,1936,10,2.62
1936-11-30,1936,11,2.53
1936-12-31,1936,12,2.51
1937-01-31,1937,1,2.47
1937-02-28,1937,2,2.46
1937-03-31,1937,3,2.6
1937-04-30,1937,4,2.8
1937-05-31,1937,5,2.76
1937-06-30,1937,6,2.76
1937-07-31,1937,7,2.72
1937-08-31,1937,8,2.72
1937-09-30,1937,9,2.77
1937-10-31,1937,10,2.76
1937-11-30,1937,11,2.71
1937-12-31,1937,12,2.67
1938-01-31,1938,1,2.65
1938-02-28,1938,2,2.64
1938-03-31,1938,3,2.64
1938-04-30,1938,4,2.62
1938-05-31,1938,5,2.51
1938-06-30,1938,6,2.52
1938-07-31,1938,7,2.52
1938-08-31,1938,8,2.51
1938-09-30,1938,9,2.58
1938-10-31,1938,10,2.48
1938-11-30,1938,11,2.5
1938-12-31,1938,12,2.49
1939-01-31,1939,1,2.47
1939-02-28,1939,2,2.44
1939-03-31,1939,3,2.34
1939-04-30,1939,4,2.3
1939-05-31,1939,5,2.17
1939-06-30,1939,6,2.13
1939-07-31,1939,7,2.16
1939-08-31,1939,8,2.21
1939-09-30,1939,9,2.65
1939-10-31,1939,10,2.6
1939-11-30,1939,11,2.46
1939-12-31,1939,12,2.35
1940-01-31,1940,1,2.3
1940-02-29,1940,2,2.32
1940-03-31,1940,3,2.25
1940-04-30,1940,4,2.25
1940-05-31,1940,5,2.38
1940-06-30,1940,6,2.39
1940-07-31,1940,7,2.28
1940-08-31,1940,8,2.25
1940-09-30,1940,9,2.18
1940-10-31,1940,10,2.1
1940-11-30,1940,11,1.97
1940-12-31,1940,12,1.89
1941-01-31,1941,1,1.99
1941-02-28,1941,2,2.1
1941-03-31,1941,3,2.01
1941-04-30,1941,4,1.96
1941-05-31,1941,5,1.92
1941-06-30,1941,6,1.91
1941-07-31,1941,7,1.9
1941-08-31,1941,8,1.94
1941-09-30,1941,9,1.94
1941-10-31,1941,10,1.88
1941-11-30,1941,11,1.85
1941-12-31,1941,12,1.96
1942-01-31,1942,1,2.01
1942-02-28,1942,2,2.09
1942-03-31,1942,3,2
1942-04-30,1942,4,1.98
1942-05-31,1942,5,1.97
1942-06-30,1942,6,1.97
1942-07-31,1942,7,2
1942-08-31,1942,8,2.02
1942-09-30,1942,9,2.03
1942-10-31,1942,10,2.05
1942-11-30,1942,11,2.06
1942-12-31,1942,12,2.09
1943-01-31,1943,1,2.06
1943-02-28,1943,2,2.06
1943-03-31,1943,3,2.08
1943-04-30,1943,4,2.02
1943-05-31,1943,5,1.92
1943-06-30,1943,6,1.85
1943-07-31,1943,7,1.82
1943-08-31,1943,8,1.83
1943-09-30,1943,9,1.8
1943-10-31,1943,10,1.81
1943-11-30,1943,11,1.85
1943-12-31,1943,12,1.86
1944-01-31,1944,1,1.86
1944-02-29,1944,2,1.84
1944-03-31,1944,3,2.48
1944-04-30,1944,4,2.48
1944-05-31,1944,5,2.49
1944-06-30,1944,6,2.49
1944-07-31,1944,7,2.49
1944-08-31,1944,8,2.48
1944-09-30,1944,9,2.47
1944-10-31,1944,10,2.48
1944-11-30,1944,11,2.48
1944-12-31,1944,12,2.48
1945-01-31,1945,1,2.44
1945-02-28,1945,2,2.38
1945-03-31,1945,3,2.4
1945-04-30,1945,4,2.39
1945-05-31,1945,5,2.39
1945-06-30,1945,6,2.35
1945-07-31,1945,7,2.34
1945-08-31,1945,8,2.36
1945-09-30,1945,9,2.37
1945-10-31,1945,10,2.35
1945-11-30,1945,11,2.33
1945-12-31,1945,12,2.33
1946-01-31,1946,1,2.21
1946-02-28,1946,2,2.12
1946-03-31,1946,3,2.09
1946-04-30,1946,4,2.08
1946-05-31,1946,5,2.19
1946-06-30,1946,6,2.16
1946-07-31,1946,7,2.18
1946-08-31,1946,8,2.23
1946-09-30,1946,9,2.28
1946-10-31,1946,10,2.26
1946-11-30,1946,11,2.25
1946-12-31,1946,12,2.24
1947-01-31,1947,1,2.21
1947-02-28,1947,2,2.21
1947-03-31,1947,3,2.19
1947-04-30,1947,4,2.19
1947-05-31,1947,5,2.19
1947-06-30,1947,6,2.22
1947-07-31,1947,7,2.25
1947-08-31,1947,8,2.24
1947-09-30,1947,9,2.24
1947-10-31,1947,10,2.27
1947-11-30,1947,11,2.36
1947-12-31,1947,12,2.39
1948-01-31,1948,1,2.45
1948-02-29,1948,2,2.45
1948-03-31,1948,3,2.44
1948-04-30,1948,4,2.44
1948-05-31,1948,5,2.42
1948-06-30,1948,6,2.41
1948-07-31,1948,7,2.44
1948-08-31,1948,8,2.45
1948-09-30,1948,9,2.45
1948-10-31,1948,10,2.45
1948-11-30,1948,11,2.44
1948-12-31,1948,12,2.44
1949-01-31,1949,1,2.42
1949-02-28,1949,2,2.39
1949-03-31,1949,3,2.38
1949-04-30,1949,4,2.38
1949-05-31,1949,5,2.38
1949-06-30,1949,6,2.38
1949-07-31,1949,7,2.27
1949-08-31,1949,8,2.24
1949-09-30,1949,9,2.22
1949-10-31,1949,10,2.22
1949-11-30,1949,11,2.2
1949-12-31,1949,12,2.19
1950-01-31,1950,1,2.2
1950-02-28,1950,2,2.24
1950-03-31,1950,3,2.27
1950-04-30,1950,4,2.3
1950-05-31,1950,5,2.31
1950-06-30,1950,6,2.33
1950-07-31,1950,7,2.34
1950-08-31,1950,8,2.33
1950-09-30,1950,9,2.36
1950-10-31,1950,10,2.38
1950-11-30,1950,11,2.38
1950-12-31,1950,12,2.39
1951-01-31,1951,1,2.39
1951-02-28,1951,2,2.4
1951-03-31,1951,3,2.47
1951-04-30,1951,4,2.56
1951-05-31,1951,5,2.63
1951-06-30,1951,6,2.65
1951-07-31,1951,7,2.63
1951-08-31,1951,8,2.57
1951-09-30,1951,9,2.56
1951-10-31,1951,10,2.61
1951-11-30,1951,11,2.66
1951-12-31,1951,12,2.7
1952-01-31,1952,1,2.74
1952-02-29,1952,2,2.71
1952-03-31,1952,3,2.7
1952-04-30,1952,4,2.64
1952-05-31,1952,5,2.57
1952-06-30,1952,6,2.61
1952-07-31,1952,7,2.61
1952-08-31,1952,8,2.7
1952-09-30,1952,9,2.71
1952-10-31,1952,10,2.74
1952-11-30,1952,11,2.71
1952-12-31,1952,12,2.75
1953-01-31,1953,1,2.8
1953-02-28,1953,2,2.83
1953-03-31,1953,3,2.89
1953-04-30,1953,4,2.36
1953-05-31,1953,5,2.48
1953-06-30,1953,6,2.45
1953-07-31,1953,7,2.38
1953-08-31,1953,8,2.28
1953-09-30,1953,9,2.2
1953-10-31,1953,10,1.79
1953-11-30,1953,11,1.67
1953-12-31,1953,12,1.66
1954-01-31,1954,1,1.41
1954-02-28,1954,2,1.14
1954-03-31,1954,3,1.13
1954-04-30,1954,4,0.96
1954-05-31,1954,5,0.85
1954-06-30,1954,6,0.82
1954-07-31,1954,7,0.84
1954-08-31,1954,8,0.88
1954-09-30,1954,9,1.03
1954-10-31,1954,10,1.17
1954-11-30,1954,11,1.14
1954-12-31,1954,12,1.21
1955-01-31,1955,1,1.39
1955-02-28,1955,2,1.57
1955-03-31,1955,3,1.59
1955-04-30,1955,4,1.75
1955-05-31,1955,5,1.9
1955-06-30,1955,6,1.91
1955-07-31,1955,7,2.02
1955-08-31,1955,8,2.37
1955-09-30,1955,9,2.36
1955-10-31,1955,10,2.39
1955-11-30,1955,11,2.48
1955-12-31,1955,12,2.73
1956-01-31,1956,1,2.58
1956-02-29,1956,2,2.49
1956-03-31,1956,3,2.61
1956-04-30,1956,4,2.92
1956-05-31,1956,5,2.94
1956-06-30,1956,6,2.74
1956-07-31,1956,7,2.76
1956-08-31,1956,8,3.1
1956-09-30,1956,9,3.35
1956-10-31,1956,10,3.28
1956-11-30,1956,11,3.44
1956-12-31,1956,12,3.68
1957-01-31,1957,1,3.37
1957-02-28,1957,2,3.38
1957-03-31,1957,3,3.42
1957-04-30,1957,4,3.49
1957-05-31,1957,5,3.48
1957-06-30,1957,6,3.65
1957-07-31,1957,7,3.81
1957-08-31,1957,8,4.01
1957-09-30,1957,9,4.07
1957-10-31,1957,10,4.01
1957-11-30,1957,11,3.57
1957-12-31,1957,12,3.18
1958-01-31,1958,1,2.65
1958-02-28,1958,2,1.99
1958-03-31,1958,3,1.84
1958-04-30,1958,4,1.45
1958-05-31,1958,5,1.37
1958-06-30,1958,6,1.23
1958-07-31,1958,7,1.61
1958-08-31,1958,8,2.5
1958-09-30,1958,9,3.05
1958-10-31,1958,10,3.19
1958-11-30,1958,11,3.1
1958-12-31,1958,12,3.29
1959-01-31,1959,1,3.36
1959-02-28,1959,2,3.54
1959-03-31,1959,3,3.61
1959-04-30,1959,4,3.72
1959-05-31,1959,5,3.96
1959-06-30,1959,6,4.07
1959-07-31,1959,7,4.39
1959-08-31,1959,8,4.42
1959-09-30,1959,9,5
1959-10-31,1959,10,4.8
1959-11-30,1959,11,4.81
1959-12-31,1959,12,5.14
1960-01-31,1960,1,5.03
1960-02-29,1960,2,4.66
1960-03-31,1960,3,4.02
1960-04-30,1960,4,4.04
1960-05-31,1960,5,4.21
1960-06-30,1960,6,3.36
1960-07-31,1960,7,3.2
1960-08-31,1960,8,2.95
1960-09-30,1960,9,3.07
1960-10-31,1960,10,3.04
1960-11-30,1960,11,3.08
1960-12-31,1960,12,2.86
1961-01-31,1961,1,2.81
1961-02-28,1961,2,2.93
1961-03-31,1961,3,2.88
1961-04-30,1961,4,2.88
1961-05-31,1961,5,2.87
1961-06-30,1961,6,3.06
1961-07-31,1961,7,2.92
1961-08-31,1961,8,3.06
1961-09-30,1961,9,3.06
1961-10-31,1961,10,3.05
1961-11-30,1961,11,3.07
1961-12-31,1961,12,3.18
1962-01-31,1962,1,3.28
1962-02-28,1962,2,3.28
1962-03-31,1962,3,3.06
1962-04-30,1962,4,2.99
1962-05-31,1962,5,3.03
1962-06-30,1962,6,3.03
1962-07-31,1962,7,3.29
1962-08-31,1962,8,3.2
1962-09-30,1962,9,3.06
1962-10-31,1962,10,2.98
1962-11-30,1962,11,3
1962-12-31,1962,12,3.01
1963-01-31,1963,1,3.04
1963-02-28,1963,2,3.01
1963-03-31,1963,3,3.03
1963-04-30,1963,4,3.11
1963-05-31,1963,5,3.12
1963-06-30,1963,6,3.2
1963-07-31,1963,7,3.48
1963-08-31,1963,8,3.53
1963-09-30,1963,9,3.57
1963-10-31,1963,10,3.64
1963-11-30,1963,11,3.74
1963-12-31,1963,12,3.81
1964-01-31,1964,1,3.79
1964-02-29,1964,2,3.78
1964-03-31,1964,3,3.91
1964-04-30,1964,4,3.91
1964-05-31,1964,5,3.84
1964-06-30,1964,6,3.83
1964-07-31,1964,7,3.72
1964-08-31,1964,8,3.74
1964-09-30,1964,9,3.84
1964-10-31,1964,10,3.86
1964-11-30,1964,11,3.91
1964-12-31,1964,12,4.02
1965-01-31,1965,1,3.94
1965-02-28,1965,2,4.03
1965-03-31,1965,3,4.06
1965-04-30,1965,4,4.04
1965-05-31,1965,5,4.03
1965-06-30,1965,6,3.99
1965-07-31,1965,7,3.98
1965-08-31,1965,8,4.07
1965-09-30,1965,9,4.2
1965-10-31,1965,10,4.3
1965-11-30,1965,11,4.37
1965-12-31,1965,12,4.72
1966-01-31,1966,1,4.88
1966-02-28,1966,2,4.94
1966-03-31,1966,3,4.97
1966-04-30,1966,4,4.9
1966-05-31,1966,5,4.93
1966-06-30,1966,6,4.97
1966-07-31,1966,7,5.17
1966-08-31,1966,8,5.54
1966-09-30,1966,9,5.82
1966-10-31,1966,10,5.58
1966-11-30,1966,11,5.54
1966-12-31,1966,12,5.2
1967-01-31,1967,1,4.75
1967-02-28,1967,2,4.71
1967-03-31,1967,3,4.35
1967-04-30,1967,4,4.11
1967-05-31,1967,5,4.15
1967-06-30,1967,6,4.48
1967-07-31,1967,7,5.01
1967-08-31,1967,8,5.13
1967-09-30,1967,9,5.24
1967-10-31,1967,10,5.37
1967-11-30,1967,11,5.61
1967-12-31,1967,12,5.71
1968-01-31,1968,1,5.43
1968-02-29,1968,2,5.41
1968-03-31,1968,3,5.58
1968-04-30,1968,4,5.71
1968-05-31,1968,5,6.14
1968-06-30,1968,6,5.98
1968-07-31,1968,7,5.65
1968-08-31,1968,8,5.43
1968-09-30,1968,9,5.45
1968-10-31,1968,10,5.57
1968-11-30,1968,11,5.75
1968-12-31,1968,12,6.19
1969-01-31,1969,1,6.34
1969-02-28,1969,2,6.41
1969-03-31,1969,3,6.34
1969-04-30,1969,4,6.26
1969-05-31,1969,5,6.42
1969-06-30,1969,6,7.04
1969-07-31,1969,7,7.6
1969-08-31,1969,8,7.54
1969-09-30,1969,9,7.82
1969-10-31,1969,10,7.64
1969-11-30,1969,11,7.89
1969-12-31,1969,12,8.17
1970-01-31,1970,1,8.1
1970-02-28,1970,2,7.59
1970-03-31,1970,3,6.97
1970-04-30,1970,4,7.06
1970-05-31,1970,5,7.75
1970-06-30,1970,6,7.55
1970-07-31,1970,7,7.1
1970-08-31,1970,8,6.98
1970-09-30,1970,9,6.73
1970-10-31,1970,10,6.43
1970-11-30,1970,11,5.51
1970-12-31,1970,12,5
1971-01-31,1971,1,4.57
1971-02-28,1971,2,3.89
1971-03-31,1971,3,3.69
1971-04-30,1971,4,4.3
1971-05-31,1971,5,5.04
1971-06-30,1971,6,5.64
1971-07-31,1971,7,6.04
1971-08-31,1971,8,5.8
1971-09-30,1971,9,5.41
1971-10-31,1971,10,4.91
1971-11-30,1971,11,4.67
1971-12-31,1971,12,4.6
1972-01-31,1972,1,4.28
1972-02-29,1972,2,4.27
1972-03-31,1972,3,4.67
1972-04-30,1972,4,4.96
1972-05-31,1972,5,4.64
1972-06-30,1972,6,4.93
1972-07-31,1972,7,4.96
1972-08-31,1972,8,4.98
1972-09-30,1972,9,5.52
1972-10-31,1972,10,5.52
1972-11-30,1972,11,5.27
1972-12-31,1972,12,5.52
1973-01-31,1973,1,5.89
1973-02-28,1973,2,6.19
1973-03-31,1973,3,6.85
1973-04-30,1973,4,6.85
1973-05-31,1973,5,6.89
1973-06-30,1973,6,7.31
1973-07-31,1973,7,8.39
1973-08-31,1973,8,8.82
1973-09-30,1973,9,8.31
1973-10-31,1973,10,7.4
1973-11-30,1973,11,7.57
1973-12-31,1973,12,7.27
1974-01-31,1974,1,7.42
1974-02-28,1974,2,6.88
1974-03-31,1974,3,7.76
1974-04-30,1974,4,8.62
1974-05-31,1974,5,8.78
1974-06-30,1974,6,8.67
1974-07-31,1974,7,8.8
1974-08-31,1974,8,9.36
1974-09-30,1974,9,8.87
1974-10-31,1974,10,8.05
1974-11-30,1974,11,7.66
1974-12-31,1974,12,7.31
1975-01-31,1975,1,6.83
1975-02-28,1975,2,5.98
1975-03-31,1975,3,6.11
1975-04-30,1975,4,6.9
1975-05-31,1975,5,6.39
1975-06-30,1975,6,6.29
1975-07-31,1975,7,7.11
1975-08-31,1975,8,7.7
1975-09-30,1975,9,7.75
1975-10-31,1975,10,6.95
1975-11-30,1975,11,6.49
1975-12-31,1975,12,6.6
1976-01-31,1976,1,5.81
1976-02-29,1976,2,5.91
1976-03-31,1976,3,6.21
1976-04-30,1976,4,5.92
1976-05-31,1976,5,6.4
1976-06-30,1976,6,6.52
1976-07-31,1976,7,6.2
1976-08-31,1976,8,6
1976-09-30,1976,9,5.84
1976-10-31,1976,10,5.5
1976-11-30,1976,11,5.29
1976-12-31,1976,12,4.89
1977-01-31,1977,1,5.29
1977-02-28,1977,2,5.47
1977-03-31,1977,3,5.5
1977-04-30,1977,4,5.44
1977-05-31,1977,5,5.84
1977-06-30,1977,6,5.8
1977-07-31,1977,7,5.94
1977-08-31,1977,8,6.37
1977-09-30,1977,9,6.53
1977-10-31,1977,10,6.97
1977-11-30,1977,11,6.95
1977-12-31,1977,12,6.96
1978-01-31,1978,1,7.28
1978-02-28,1978,2,7.34
1978-03-31,1978,3,7.31
1978-04-30,1978,4,7.45
1978-05-31,1978,5,7.82
1978-06-30,1978,6,8.09
1978-07-31,1978,7,8.39
1978-08-31,1978,8,8.31
1978-09-30,1978,9,8.64
1978-10-31,1978,10,9.14
1978-11-30,1978,11,10.01
1978-12-31,1978,12,10.3
1979-01-31,1979,1,10.41
1979-02-28,1979,2,10.24
1979-03-31,1979,3,10.25
1979-04-30,1979,4,10.12
1979-05-31,1979,5,10.12
1979-06-30,1979,6,9.57
1979-07-31,1979,7,9.64
1979-08-31,1979,8,9.98
1979-09-30,1979,9,10.84
1979-10-31,1979,10,12.44
1979-11-30,1979,11,12.39
1979-12-31,1979,12,11.98
1980-01-31,1980,1,12.06
1980-02-29,1980,2,13.92
1980-03-31,1980,3,15.82
1980-04-30,1980,4,13.3
1980-05-31,1980,5,9.39
1980-06-30,1980,6,8.16
1980-07-31,1980,7,8.65
1980-08-31,1980,8,10.24
1980-09-30,1980,9,11.52
1980-10-31,1980,10,12.49
1980-11-30,1980,11,14.15
1980-12-31,1980,12,14.88
1981-01-31,1981,1,14.08
1981-02-28,1981,2,14.57
1981-03-31,1981,3,13.71
1981-04-30,1981,4,14.32
1981-05-31,1981,5,16.2
1981-06-30,1981,6,14.86
1981-07-31,1981,7,15.72
1981-08-31,1981,8,16.72
1981-09-30,1981,9,16.52
1981-10-31,1981,10,15.38
1981-11-30,1981,11,12.41
1981-12-31,1981,12,12.85
1982-01-31,1982,1,14.32
1982-02-28,1982,2,14.73
1982-03-31,1982,3,13.95
1982-04-30,1982,4,13.98
1982-05-31,1982,5,13.34
1982-06-30,1982,6,14.07
1982-07-31,1982,7,13.24
1982-08-31,1982,8,11.43
1982-09-30,1982,9,10.85
1982-10-31,1982,10,9.32
1982-11-30,1982,11,9.16
1982-12-31,1982,12,8.91
1983-01-31,1983,1,8.62
1983-02-28,1983,2,8.92
1983-03-31,1983,3,9.04
1983-04-30,1983,4,8.98
1983-05-31,1983,5,8.9
1983-06-30,1983,6,9.66
1983-07-31,1983,7,10.2
1983-08-31,1983,8,10.53
1983-09-30,1983,9,10.16
1983-10-31,1983,10,9.81
1983-11-30,1983,11,9.94
1983-12-31,1983,12,10.11
1984-01-31,1984,1,9.9
1984-02-29,1984,2,10.04
1984-03-31,1984,3,10.59
1984-04-30,1984,4,10.9
1984-05-31,1984,5,11.66
1984-06-30,1984,6,12.08
1984-07-31,1984,7,12.03
1984-08-31,1984,8,11.82
1984-09-30,1984,9,11.58
1984-10-31,1984,10,10.9
1984-11-30,1984,11,9.82
1984-12-31,1984,12,9.33
1985-01-31,1985,1,9.02
1985-02-28,1985,2,9.29
1985-03-31,1985,3,9.86
1985-04-30,1985,4,9.14
1985-05-31,1985,5,8.46
1985-06-30,1985,6,7.8
1985-07-31,1985,7,7.86
1985-08-31,1985,8,8.05
1985-09-30,1985,9,8.07
1985-10-31,1985,10,8.01
1985-11-30,1985,11,7.88
1985-12-31,1985,12,7.67
1986-01-31,1986,1,7.73
1986-02-28,1986,2,7.61
1986-03-31,1986,3,7.03
1986-04-30,1986,4,6.44
1986-05-31,1986,5,6.65
1986-06-30,1986,6,6.73
1986-07-31,1986,7,6.27
1986-08-31,1986,8,5.93
1986-09-30,1986,9,5.77
1986-10-31,1986,10,5.72
1986-11-30,1986,11,5.8
1986-12-31,1986,12,5.87
1987-01-31,1987,1,5.78
1987-02-28,1987,2,5.96
1987-03-31,1987,3,6.03
1987-04-30,1987,4,6.5
1987-05-31,1987,5,7
1987-06-30,1987,6,6.8
1987-07-31,1987,7,6.68
1987-08-31,1987,8,7.03
1987-09-30,1987,9,7.67
1987-10-31,1987,10,7.59
1987-11-30,1987,11,6.96
1987-12-31,1987,12,7.17
1988-01-31,1988,1,6.99
1988-02-29,1988,2,6.64
1988-03-31,1988,3,6.71
1988-04-30,1988,4,7.01
1988-05-31,1988,5,7.4
1988-06-30,1988,6,7.49
1988-07-31,1988,7,7.75
1988-08-31,1988,8,8.17
1988-09-30,1988,9,8.09
1988-10-31,1988,10,8.11
1988-11-30,1988,11,8.48
1988-12-31,1988,12,8.99
1989-01-31,1989,1,9.05
1989-02-28,1989,2,9.25
1989-03-31,1989,3,9.57
1989-04-30,1989,4,9.36
1989-05-31,1989,5,8.98
1989-06-30,1989,6,8.44
1989-07-31,1989,7,7.89
1989-08-31,1989,8,8.18
1989-09-30,1989,9,8.22
1989-10-31,1989,10,7.99
1989-11-30,1989,11,7.77
1989-12-31,1989,12,7.72
1990-01-31,1990,1,7.92
1990-02-28,1990,2,8.11
1990-03-31,1990,3,8.35
1990-04-30,1990,4,8.4
1990-05-31,1990,5,8.32
1990-06-30,1990,6,8.1
1990-07-31,1990,7,7.94
1990-08-31,1990,8,7.78
1990-09-30,1990,9,7.76
1990-10-31,1990,10,7.55
1990-11-30,1990,11,7.31
1990-12-31,1990,12,7.05
1991-01-31,1991,1,6.64
1991-02-28,1991,2,6.27
1991-03-31,1991,3,6.4
1991-04-30,1991,4,6.24
1991-05-31,1991,5,6.13
1991-06-30,1991,6,6.36
1991-07-31,1991,7,6.31
1991-08-31,1991,8,5.78
1991-09-30,1991,9,5.57
1991-10-31,1991,10,5.33
1991-11-30,1991,11,4.89
1991-12-31,1991,12,4.38
1992-01-31,1992,1,4.15
1992-02-29,1992,2,4.29
1992-03-31,1992,3,4.63
1992-04-30,1992,4,4.3
1992-05-31,1992,5,4.19
1992-06-30,1992,6,4.17
1992-07-31,1992,7,3.6
1992-08-31,1992,8,3.47
1992-09-30,1992,9,3.18
1992-10-31,1992,10,3.3
1992-11-30,1992,11,3.68
1992-12-31,1992,12,3.71
1993-01-31,1993,1,3.5
1993-02-28,1993,2,3.39
1993-03-31,1993,3,3.33
1993-04-30,1993,4,3.24
1993-05-31,1993,5,3.36
1993-06-30,1993,6,3.54
1993-07-31,1993,7,3.47
1993-08-31,1993,8,3.44
1993-09-30,1993,9,3.36
1993-10-31,1993,10,3.39
1993-11-30,1993,11,3.58
1993-12-31,1993,12,3.61
1994-01-31,1994,1,3.54
1994-02-28,1994,2,3.87
1994-03-31,1994,3,4.32
1994-04-30,1994,4,4.82
1994-05-31,1994,5,5.31
1994-06-30,1994,6,5.27
1994-07-31,1994,7,5.48
1994-08-31,1994,8,5.56
1994-09-30,1994,9,5.76
1994-10-31,1994,10,6.11
1994-11-30,1994,11,6.54
1994-12-31,1994,12,7.14
1995-01-31,1995,1,7.05
1995-02-28,1995,2,6.7
1995-03-31,1995,3,6.43
1995-04-30,1995,4,6.27
1995-05-31,1995,5,6
1995-06-30,1995,6,5.64
1995-07-31,1995,7,5.59
1995-08-31,1995,8,5.75
1995-09-30,1995,9,5.62
1995-10-31,1995,10,5.59
1995-11-30,1995,11,5.43
1995-12-31,1995,12,5.31
1996-01-31,1996,1,5.09
1996-02-29,1996,2,4.94
1996-03-31,1996,3,5.34
1996-04-30,1996,4,5.54
1996-05-31,1996,5,5.64
1996-06-30,1996,6,5.81
1996-07-31,1996,7,5.85
1996-08-31,1996,8,5.67
1996-09-30,1996,9,5.83
1996-10-31,1996,10,5.55
1996-11-30,1996,11,5.42
1996-12-31,1996,12,5.47
1997-01-31,1997,1,5.61
1997-02-28,1997,2,5.53
1997-03-31,1997,3,5.8
1997-04-30,1997,4,5.99
1997-05-31,1997,5,5.87
1997-06-30,1997,6,5.69
1997-07-31,1997,7,5.54
1997-08-31,1997,8,5.56
1997-09-30,1997,9,5.52
1997-10-31,1997,10,5.46
1997-11-30,1997,11,5.46
1997-12-31,1997,12,5.53
1998-01-31,1998,1,5.24
1998-02-28,1998,2,5.31
1998-03-31,1998,3,5.39
1998-04-30,1998,4,5.38
1998-05-31,1998,5,5.44
1998-06-30,1998,6,5.41
1998-07-31,1998,7,5.36
1998-08-31,1998,8,5.21
1998-09-30,1998,9,4.71
1998-10-31,1998,10,4.12
1998-11-30,1998,11,4.53
1998-12-31,1998,12,4.52
1999-01-31,1999,1,4.51
1999-02-28,1999,2,4.7
1999-03-31,1999,3,4.78
1999-04-30,1999,4,4.69
1999-05-31,1999,5,4.85
1999-06-30,1999,6,5.1
1999-07-31,1999,7,5.03
1999-08-31,1999,8,5.2
1999-09-30,1999,9,5.25
1999-10-31,1999,10,5.43
1999-11-30,1999,11,5.55
1999-12-31,1999,12,5.84
2000-01-31,2000,1,6.12
2000-02-29,2000,2,6.22
2000-03-31,2000,3,6.22
2000-04-30,2000,4,6.15
2000-05-31,2000,5,6.33
2000-06-30,2000,6,6.17
2000-07-31,2000,7,6.08
2000-08-31,2000,8,6.18
2000-09-30,2000,9,6.13
2000-10-31,2000,10,6.01
2000-11-30,2000,11,6.09
2000-12-31,2000,12,5.6
2001-01-31,2001,1,4.81
2001-02-28,2001,2,4.68
2001-03-31,2001,3,4.3
2001-04-30,2001,4,3.98
2001-05-31,2001,5,3.78
2001-06-30,2001,6,3.58
2001-07-31,2001,7,3.62
2001-08-31,2001,8,3.47
2001-09-30,2001,9,2.82
2001-10-31,2001,10,2.33
2001-11-30,2001,11,2.18
2001-12-31,2001,12,2.22
2002-01-31,2002,1,2.16
2002-02-28,2002,2,2.23
2002-03-31,2002,3,2.57
2002-04-30,2002,4,2.48
2002-05-31,2002,5,2.35
2002-06-30,2002,6,2.2
2002-07-31,2002,7,1.96
2002-08-31,2002,8,1.76
2002-09-30,2002,9,1.72
2002-10-31,2002,10,1.65
2002-11-30,2002,11,1.49
2002-12-31,2002,12,1.45
2003-01-31,2003,1,1.36
2003-02-28,2003,2,1.3
2003-03-31,2003,3,1.24
2003-04-30,2003,4,1.27
2003-05-31,2003,5,1.18
2003-06-30,2003,6,1.01
2003-07-31,2003,7,1.12
2003-08-31,2003,8,1.31
2003-09-30,2003,9,1.24
2003-10-31,2003,10,1.25
2003-11-30,2003,11,1.34
2003-12-31,2003,12,1.31
2004-01-31,2004,1,1.24
2004-02-29,2004,2,1.24
2004-03-31,2004,3,1.19
2004-04-30,2004,4,1.43
2004-05-31,2004,5,1.78
2004-06-30,2004,6,2.12
2004-07-31,2004,7,2.1
2004-08-31,2004,8,2.02
2004-09-30,2004,9,2.12
2004-10-31,2004,10,2.23
2004-11-30,2004,11,2.5
2004-12-31,2004,12,2.67
2005-01-31,2005,1,2.86
2005-02-28,2005,2,3.03
2005-03-31,2005,3,3.3
2005-04-30,2005,4,3.32
2005-05-31,2005,5,3.33
2005-06-30,2005,6,3.36
2005-07-31,2005,7,3.64
2005-08-31,2005,8,3.87
2005-09-30,2005,9,3.85
2005-10-31,2005,10,4.18
2005-11-30,2005,11,4.33
2005-12-31,2005,12,4.35
2006-01-31,2006,1,4.45
2006-02-28,2006,2,4.68
2006-03-31,2006,3,4.77
2006-04-30,2006,4,4.9
2006-05-31,2006,5,5
2006-06-30,2006,6,5.16
2006-07-31,2006,7,5.22
2006-08-31,2006,8,5.08
2006-09-30,2006,9,4.97
2006-10-31,2006,10,5.01
2006-11-30,2006,11,5.01
2006-12-31,2006,12,4.94
2007-01-31,2007,1,5.06
2007-02-28,2007,2,5.05
2007-03-31,2007,3,4.92
2007-04-30,2007,4,4.93
2007-05-31,2007,5,4.91
2007-06-30,2007,6,4.96
2007-07-31,2007,7,4.96
2007-08-31,2007,8,4.47
2007-09-30,2007,9,4.14
2007-10-31,2007,10,4.1
2007-11-30,2007,11,3.5
2007-12-31,2007,12,3.26
2008-01-31,2008,1,2.71
2008-02-29,2008,2,2.05
2008-03-31,2008,3,1.54
2008-04-30,2008,4,1.74
2008-05-31,2008,5,2.06
2008-06-30,2008,6,2.42
2008-07-31,2008,7,2.28
2008-08-31,2008,8,2.18
2008-09-30,2008,9,1.91
2008-10-31,2008,10,1.42
2008-11-30,2008,11,1.07
2008-12-31,2008,12,0.49
2009-01-31,2009,1,0.44
2009-02-28,2009,2,0.62
2009-03-31,2009,3,0.64
2009-04-30,2009,4,0.55
2009-05-31,2009,5,0.5
2009-06-30,2009,6,0.51
2009-07-31,2009,7,0.48
2009-08-31,2009,8,0.46
2009-09-30,2009,9,0.4
2009-10-31,2009,10,0.37
2009-11-30,2009,11,0.31
2009-12-31,2009,12,0.37
2010-01-31,2010,1,0.35
2010-02-28,2010,2,0.35
2010-03-31,2010,3,0.4
2010-04-30,2010,4,0.45
2010-05-31,2010,5,0.37
2010-06-30,2010,6,0.32
2010-07-31,2010,7,0.29
2010-08-31,2010,8,0.26
2010-09-30,2010,9,0.26
2010-10-31,2010,10,0.23
2010-11-30,2010,11,0.25
2010-12-31,2010,12,0.29
2011-01-31,2011,1,0.27
2011-02-28,2011,2,0.29
2011-03-31,2011,3,0.26
2011-04-30,2011,4,0.25
2011-05-31,2011,5,0.19
2011-06-30,2011,6,0.18
2011-07-31,2011,7,0.19
2011-08-31,2011,8,0.11
2011-09-30,2011,9,0.1
2011-10-31,2011,10,0.11
2011-11-30,2011,11,0.11
2011-12-31,2011,12,0.12
2012-01-31,2012,1,0.12
2012-02-29,2012,2,0.16
2012-03-31,2012,3,0.19
2012-04-30,2012,4,0.18
2012-05-31,2012,5,0.19
2012-06-30,2012,6,0.19
2012-07-31,2012,7,0.19
2012-08-31,2012,8,0.18
2012-09-30,2012,9,0.18
2012-10-31,2012,10,0.18
2012-11-30,2012,11,0.18
2012-12-31,2012,12,0.16
2013-01-31,2013,1,0.15
2013-02-28,2013,2,0.16
2013-03-31,2013,3,0.15
2013-04-30,2013,4,0.12
2013-05-31,2013,5,0.12
2013-06-30,2013,6,0.14
2013-07-31,2013,7,0.12
2013-08-31,2013,8,0.13
2013-09-30,2013,9,0.12
2013-10-31,2013,10,0.12
2013-11-30,2013,11,0.12
2013-12-31,2013,12,0.13
2014-01-31,2014,1,0.12
2014-02-28,2014,2,0.12
2014-03-31,2014,3,0.13
2014-04-30,2014,4,0.11
2014-05-31,2014,5,0.1
2014-06-30,2014,6,0.1
2014-07-31,2014,7,0.11
2014-08-31,2014,8,0.11
2014-09-30,2014,9,0.11
2014-10-31,2014,10,0.1
2014-11-30,2014,11,0.13
2014-12-31,2014,12,0.21
2015-01-31,2015,1,0.2
2015-02-28,2015,2,0.22
2015-03-31,2015,3,0.25
2015-04-30,2015,4,0.23
2015-05-31,2015,5,0.24
2015-06-30,2015,6,0.28
2015-07-31,2015,7,0.3
2015-08-31,2015,8,0.38
2015-09-30,2015,9,0.37
2015-10-31,2015,10,0.26
2015-11-30,2015,11,0.48
2015-12-31,2015,12,0.65
2016-01-31,2016,1,0.54
2016-02-29,2016,2,0.53
2016-03-31,2016,3,0.66
2016-04-30,2016,4,0.56
2016-05-31,2016,5,0.59
2016-06-30,2016,6,0.55
2016-07-31,2016,7,0.51
2016-08-31,2016,8,0.57
2016-09-30,2016,9,0.59
2016-10-31,2016,10,0.66
2016-11-30,2016,11,0.74
2016-12-31,2016,12,0.87
2017-01-31,2017,1,0.83
2017-02-28,2017,2,0.82
2017-03-31,2017,3,1.01
2017-04-30,2017,4,1.04
2017-05-31,2017,5,1.12
2017-06-30,2017,6,1.2
2017-07-31,2017,7,1.22
2017-08-31,2017,8,1.23
2017-09-30,2017,9,1.28
2017-10-31,2017,10,1.4
2017-11-30,2017,11,1.56
2017-12-31,2017,12,1.7
2018-01-31,2018,1,1.8
2018-02-28,2018,2,1.96
2018-03-31,2018,3,2.06
2018-04-30,2018,4,2.15
2018-05-31,2018,5,2.27
2018-06-30,2018,6,2.33
2018-07-31,2018,7,2.39
2018-08-31,2018,8,2.45
2018-09-30,2018,9,2.56
2018-10-31,2018,10,2.65
2018-11-30,2018,11,2.7
2018-12-31,2018,12,2.66
2019-01-31,2019,1,2.58
2019-02-28,2019,2,2.55
2019-03-31,2019,3,2.49
2019-04-30,2019,4,2.42
2019-05-31,2019,5,2.34
2019-06-30,2019,6,2
2019-07-31,2019,7,1.96
2019-08-31,2019,8,1.77
2019-09-30,2019,9,1.8
2019-10-31,2019,10,1.61
2019-11-30,2019,11,1.57
2019-12-31,2019,12,1.55
2020-01-31,2020,1,1.53
2020-02-29,2020,2,1.41
2020-03-31,2020,3,0.33
2020-04-30,2020,4,0.18
2020-05-31,2020,5,0.16
2020-06-30,2020,6,0.18
2020-07-31,2020,7,0.15
2020-08-31,2020,8,0.13
2020-09-30,2020,9,0.13
2020-10-31,2020,10,0.13
2020-11-30,2020,11,0.12
2020-12-31,2020,12,0.1
2021-01-31,2021,1,0.1
2021-02-28,2021,2,0.07
2021-03-31,2021,3,0.08
2021-04-30,2021,4,0.06
2021-05-31,2021,5,0.05
2021-06-30,2021,6,0.07
2021-07-31,2021,7,0.08
